/* php bin/console doctrine:database:create */
/* php bin/console doctrine:migration:migrate */

INSERT INTO `user` VALUES (1,'bnlkjfdghj'),(2,'dfhdfhdjkhg'),(4,'admin');
INSERT INTO `post` (id, user_name, user_id_id, date, game, status, check_box) VALUES (22,NULL,4,'2022-01-22 22:59:59','busboy2','OK',0),(23,NULL,4,'2022-01-22 23:01:24','busboy2','OK',0),(40,NULL,4,'2022-03-15 22:44:26','Battlefield 3','OK',0),(41,NULL,4,'2022-03-15 22:58:39','Serious Sam: The First Encounter','OK',1),(42,NULL,4,'2022-03-15 23:05:19','Super Mario Sunshine (via Super Mario 3D All-Stars)','OK',1),(43,'Gangsta',2,'2022-03-15 23:01:44','Need For Speed','OK',1),(44,'Le-Bat-Flare',4,'2022-03-15 23:10:22','Batman Arkham Knight','OK',1),(45,'Le-Bat-Flare',4,'2022-03-15 23:10:42','Batman Arkham Knight','OK',1),(46,NULL,4,'2022-03-15 23:31:42','Super Mario Galaxy (via Super Mario 3D All-Stars)','OK',1),(47,NULL,4,'2022-03-15 23:33:54','Super Mario Galaxy (via Super Mario 3D All-Stars)','OK',1),(78,'CTR',4,'2022-03-15 23:51:39','Crash™ Team Racing Nitro-Fueled','OK',1),(79,'TROLOLOL',4,'2022-03-15 23:52:53','LocoRoco™ 2 Remastered','MOD',0),(80,'TROLOLOL',4,'2022-03-15 23:53:26','Far Cry 5','MOD',1),(81,'Seb',4,'2022-03-15 23:54:58','Far Cry 5','OK',1),(82,'Seb',4,'2022-03-15 23:55:25','Far Cry 5','OK',1),(83,'Seb',4,'2022-03-15 23:55:41','Far Cry 5','OK',1),(84,'Seb',4,'2022-03-16 00:00:55','Far Cry 5','MOD',1),(85,'Seb',4,'2022-03-16 00:01:02','Far Cry 5','MOD',1);
SET FOREIGN_KEY_CHECKS = 0;
INSERT INTO `file` (id, name, post_id, client_name, client_ext, date) VALUES (17,'c',17,NULL,'test','2022-01-04 22:59:38'),(19,'16428920316050',21,'1621525884-99815-zoom-500x600.jpg','jpg','2022-01-22 22:53:51'),(20,'16428923992560',22,'1621525884-99815-zoom-500x600.jpg','jpg','2022-01-22 22:59:59'),(21,'16428923992580',26,'FEldaSsWQAsbQCc','jpg','2022-01-22 22:59:59'),(22,'16428924845650',23,'Nouveau document texte.txt',NULL,'2022-01-22 23:01:24'),(23,'16428926328770',24,'_DSC5777.NEF','nef','2022-01-22 23:03:53'),(38,'16470427532330',39,'1501585560-96228-printright-500x717.jpg','jpg','2022-03-11 23:52:33'),(39,'16473842663070',40,'a.jpg','jpg','2022-03-15 22:44:26'),(40,'16473851192460',41,'b.jpg','jpg','2022-03-15 22:58:39'),(41,'16473855197450',42,'2022031316373700_s.jpg','jpg','2022-03-15 23:05:19'),(42,'16473858228460',44,'th_example_batman_3.jpg','jpg','2022-03-15 23:10:22'),(43,'16473858420900',45,'th_example_batman_5.jpg','jpg','2022-03-15 23:10:42'),(44,'16473871023380',46,'2022031316512000_s.jpg','jpg','2022-03-15 23:31:42'),(45,'16473872346070',47,'2022031316473700_s.jpg','jpg','2022-03-15 23:33:54'),(46,'16473882994270',78,'Crashâ¢ Team Racing Nitro-Fueled_20190622202158.jpg','jpg','2022-03-15 23:51:39'),(47,'16473883731300',79,'LocoRocoâ¢ 2 Remastered_20171227173227.jpg','jpg','2022-03-15 23:52:53'),(48,'16473884067900',80,'Far CryÂ® 5_20190403202446.jpg','jpg','2022-03-15 23:53:26'),(49,'16473884985300',81,'Far CryÂ® 5_20180507163615.jpg','jpg','2022-03-15 23:54:58'),(50,'16473885258400',82,'Far CryÂ® 5_20180507163657.jpg','jpg','2022-03-15 23:55:25'),(51,'16473885410760',83,'Far CryÂ® 5_20180516143136.jpg','jpg','2022-03-15 23:55:41'),(52,'16473888557370',84,'Far CryÂ® 5_20180507163606.jpg','jpg','2022-03-16 00:00:55'),(53,'16473888625120',85,'Far CryÂ® 5_20180507163624.jpg','jpg','2022-03-16 00:01:02');
SET FOREIGN_KEY_CHECKS = 1;